clip,seizure,early
Dog_1_test_segment_24.mat,0.81699999999999995,0.20999999999999999
